{"cameraMode":{"drawMode":0,"name":"Shaded","section":"Shading Mode"},"sceneLighting":false,"audioPlay":false,"sceneViewState":{"showFog":false,"showMaterialUpdate":false,"showSkybox":false,"showFlares":false,"showImageEffects":false,"showParticleSystems":true},"in2DMode":false,"pivot":{"x":0.5119079947471619,"y":0.30103975534439089,"z":0.901656985282898},"rotation":{"x":0.02580026537179947,"y":0.0249859020113945,"z":-0.0006442288286052644,"w":0.9993546605110169},"size":-8.917434692382813,"orthographic":false}