{"cameraMode":{"drawMode":0,"name":"Shaded","section":"Shading Mode"},"sceneLighting":false,"audioPlay":false,"sceneViewState":{"showFog":false,"showMaterialUpdate":false,"showSkybox":false,"showFlares":false,"showImageEffects":false,"showParticleSystems":true},"in2DMode":false,"pivot":{"x":-78.81227111816406,"y":15.534161567687989,"z":-61.27831268310547},"rotation":{"x":0.32243072986602785,"y":-0.023277325555682184,"z":0.007931391708552838,"w":0.9462736248970032},"size":60.83251953125,"orthographic":false}