{"cameraMode":{"drawMode":0,"name":"Shaded","section":"Shading Mode"},"sceneLighting":false,"audioPlay":false,"sceneViewState":{"showFog":false,"showMaterialUpdate":false,"showSkybox":false,"showFlares":false,"showImageEffects":false,"showParticleSystems":true},"in2DMode":false,"pivot":{"x":-0.21223649382591248,"y":-0.05464523658156395,"z":0.16376706957817079},"rotation":{"x":0.06326080858707428,"y":0.015964118763804437,"z":-0.0010112281888723374,"w":0.9978688955307007},"size":2.3525490760803224,"orthographic":false}