{"cameraMode":{"drawMode":0,"name":"Shaded","section":"Shading Mode"},"sceneLighting":false,"audioPlay":false,"sceneViewState":{"showFog":false,"showMaterialUpdate":false,"showSkybox":false,"showFlares":false,"showImageEffects":false,"showParticleSystems":true},"in2DMode":false,"pivot":{"x":-77.91999816894531,"y":29.699996948242189,"z":-61.20000457763672},"rotation":{"x":0.32622775435447695,"y":0.3024159073829651,"z":-0.11101066321134567,"w":0.8887051343917847},"size":21.156286239624025,"orthographic":false}