{"cameraMode":{"drawMode":0,"name":"Shaded","section":"Shading Mode"},"sceneLighting":false,"audioPlay":false,"sceneViewState":{"showFog":false,"showMaterialUpdate":false,"showSkybox":false,"showFlares":false,"showImageEffects":false,"showParticleSystems":true},"in2DMode":false,"pivot":{"x":-11.374935150146485,"y":-11.225479125976563,"z":-2.8107337951660158},"rotation":{"x":0.24707134068012238,"y":-0.3768993020057678,"z":0.1050451248884201,"w":0.8864920735359192},"size":33.04368591308594,"orthographic":false}