{"cameraMode":{"drawMode":0,"name":"Shaded","section":"Shading Mode"},"sceneLighting":false,"audioPlay":false,"sceneViewState":{"showFog":false,"showMaterialUpdate":false,"showSkybox":false,"showFlares":false,"showImageEffects":false,"showParticleSystems":true},"in2DMode":false,"pivot":{"x":-0.07062748074531555,"y":0.7998414039611816,"z":-0.002479448914527893},"rotation":{"x":-0.12514814734458924,"y":-0.7013722658157349,"z":0.12719248235225678,"w":-0.6900992393493652},"size":5.395765781402588,"orthographic":false}