{"cameraMode":{"drawMode":0,"name":"Shaded","section":"Shading Mode"},"sceneLighting":false,"audioPlay":false,"sceneViewState":{"showFog":false,"showMaterialUpdate":false,"showSkybox":false,"showFlares":false,"showImageEffects":false,"showParticleSystems":true},"in2DMode":false,"pivot":{"x":21.353788375854493,"y":0.9799998998641968,"z":1.8349705934524537},"rotation":{"x":-0.12514814734458924,"y":-0.7013722658157349,"z":0.12719248235225678,"w":-0.6900992393493652},"size":4.6646857261657719,"orthographic":false}