{"cameraMode":{"drawMode":0,"name":"Shaded","section":"Shading Mode"},"sceneLighting":false,"audioPlay":false,"sceneViewState":{"showFog":false,"showMaterialUpdate":false,"showSkybox":false,"showFlares":false,"showImageEffects":false,"showParticleSystems":true},"in2DMode":false,"pivot":{"x":-1.8585257530212403,"y":1.4740859270095826,"z":-19.97348403930664},"rotation":{"x":-0.03581395372748375,"y":-0.7023864388465881,"z":0.035429082810878757,"w":-0.710010826587677},"size":0.8797723650932312,"orthographic":false}