{"cameraMode":{"drawMode":0,"name":"Shaded","section":"Shading Mode"},"sceneLighting":false,"audioPlay":false,"sceneViewState":{"showFog":false,"showMaterialUpdate":false,"showSkybox":false,"showFlares":false,"showImageEffects":false,"showParticleSystems":true},"in2DMode":false,"pivot":{"x":-1.7261919975280762,"y":7.554195404052734,"z":-35.761077880859378},"rotation":{"x":-0.008344188332557679,"y":0.9738268256187439,"z":-0.22422829270362855,"w":-0.036241088062524798},"size":94.77854919433594,"orthographic":false}