{"cameraMode":{"drawMode":0,"name":"Shaded","section":"Shading Mode"},"sceneLighting":false,"audioPlay":false,"sceneViewState":{"showFog":false,"showMaterialUpdate":false,"showSkybox":false,"showFlares":false,"showImageEffects":false,"showParticleSystems":true},"in2DMode":false,"pivot":{"x":0.8199999332427979,"y":1.1518396139144898,"z":-18.60312843322754},"rotation":{"x":-0.0416753925383091,"y":-0.947407066822052,"z":0.13824675977230073,"w":-0.28560614585876467},"size":1.9299417734146119,"orthographic":false}