{"cameraMode":{"drawMode":0,"name":"Shaded","section":"Shading Mode"},"sceneLighting":false,"audioPlay":false,"sceneViewState":{"showFog":false,"showMaterialUpdate":false,"showSkybox":false,"showFlares":false,"showImageEffects":false,"showParticleSystems":true},"in2DMode":false,"pivot":{"x":0.003294810652732849,"y":-0.00646500289440155,"z":0.09303056448698044},"rotation":{"x":0.356448233127594,"y":0.3656330704689026,"z":-0.1540743112564087,"w":0.8458831310272217},"size":0.9825677871704102,"orthographic":false}