{"cameraMode":{"drawMode":0,"name":"Shaded","section":"Shading Mode"},"sceneLighting":false,"audioPlay":false,"sceneViewState":{"showFog":false,"showMaterialUpdate":false,"showSkybox":false,"showFlares":false,"showImageEffects":false,"showParticleSystems":true},"in2DMode":false,"pivot":{"x":15.5,"y":0.8199999928474426,"z":-5.269999980926514},"rotation":{"x":-0.048881903290748599,"y":0.9014073610305786,"z":-0.4170234203338623,"w":-0.1056731790304184},"size":2.8578836917877199,"orthographic":false}