{"cameraMode":{"drawMode":0,"name":"Shaded","section":"Shading Mode"},"sceneLighting":false,"audioPlay":false,"sceneViewState":{"showFog":false,"showMaterialUpdate":false,"showSkybox":false,"showFlares":false,"showImageEffects":false,"showParticleSystems":true},"in2DMode":false,"pivot":{"x":-77.6500015258789,"y":31.569997787475587,"z":-69.26000213623047},"rotation":{"x":0.32622775435447695,"y":0.3024159073829651,"z":-0.11101066321134567,"w":0.8887051343917847},"size":209.84878540039063,"orthographic":false}