{"cameraMode":{"drawMode":0,"name":"Shaded","section":"Shading Mode"},"sceneLighting":false,"audioPlay":false,"sceneViewState":{"showFog":false,"showMaterialUpdate":false,"showSkybox":false,"showFlares":false,"showImageEffects":false,"showParticleSystems":true},"in2DMode":false,"pivot":{"x":0.44434863328933718,"y":0.2555042803287506,"z":0.8303318023681641},"rotation":{"x":0.02580026537179947,"y":0.0249859020113945,"z":-0.0006442288286052644,"w":0.9993546605110169},"size":0.656812310218811,"orthographic":false}