{"cameraMode":{"drawMode":0,"name":"Shaded","section":"Shading Mode"},"sceneLighting":false,"audioPlay":false,"sceneViewState":{"showFog":false,"showMaterialUpdate":false,"showSkybox":false,"showFlares":false,"showImageEffects":false,"showParticleSystems":true},"in2DMode":false,"pivot":{"x":27.854646682739259,"y":-0.4291858673095703,"z":6.784709930419922},"rotation":{"x":0.23202122747898103,"y":0.03500337898731232,"z":-0.008354416117072106,"w":0.9720448851585388},"size":70.64350128173828,"orthographic":false}