{"cameraMode":{"drawMode":0,"name":"Shaded","section":"Shading Mode"},"sceneLighting":false,"audioPlay":false,"sceneViewState":{"showFog":false,"showMaterialUpdate":false,"showSkybox":false,"showFlares":false,"showImageEffects":false,"showParticleSystems":true},"in2DMode":false,"pivot":{"x":-0.12118574976921082,"y":0.015425138175487519,"z":0.16722115874290467},"rotation":{"x":0.32622775435447695,"y":0.3024159073829651,"z":-0.11101066321134567,"w":0.8887051343917847},"size":2.052549123764038,"orthographic":false}