{"cameraMode":{"drawMode":0,"name":"Shaded","section":"Shading Mode"},"sceneLighting":false,"audioPlay":false,"sceneViewState":{"showFog":false,"showMaterialUpdate":false,"showSkybox":false,"showFlares":false,"showImageEffects":false,"showParticleSystems":true},"in2DMode":false,"pivot":{"x":-32.39376449584961,"y":-37.636474609375,"z":-1.424027442932129},"rotation":{"x":0.3324463367462158,"y":0.29813796281814577,"z":-0.11164484918117523,"w":0.8877661228179932},"size":4.24523401260376,"orthographic":false}