{"cameraMode":{"drawMode":0,"name":"Shaded","section":"Shading Mode"},"sceneLighting":false,"audioPlay":false,"sceneViewState":{"showFog":false,"showMaterialUpdate":false,"showSkybox":false,"showFlares":false,"showImageEffects":false,"showParticleSystems":true},"in2DMode":false,"pivot":{"x":14.524087905883789,"y":2.562873363494873,"z":-5.24905252456665},"rotation":{"x":0.07983854413032532,"y":-0.9031343460083008,"z":0.19192808866500855,"w":0.375683069229126},"size":6.825667858123779,"orthographic":false}