{"cameraMode":{"drawMode":0,"name":"Shaded","section":"Shading Mode"},"sceneLighting":false,"audioPlay":false,"sceneViewState":{"showFog":false,"showMaterialUpdate":false,"showSkybox":false,"showFlares":false,"showImageEffects":false,"showParticleSystems":true},"in2DMode":false,"pivot":{"x":-56.14263153076172,"y":64.28770446777344,"z":-33.2073860168457},"rotation":{"x":0.16156448423862458,"y":0.2978248596191406,"z":-0.05121825635433197,"w":0.9394541382789612},"size":0.9472405314445496,"orthographic":false}