{"cameraMode":{"drawMode":0,"name":"Shaded","section":"Shading Mode"},"sceneLighting":false,"audioPlay":false,"sceneViewState":{"showFog":false,"showMaterialUpdate":false,"showSkybox":false,"showFlares":false,"showImageEffects":false,"showParticleSystems":true},"in2DMode":false,"pivot":{"x":-78.62126159667969,"y":31.008834838867189,"z":-61.436744689941409},"rotation":{"x":-0.38842830061912539,"y":-0.6033399701118469,"z":0.4242936372756958,"w":-0.5523397326469421},"size":40.010372161865237,"orthographic":false}