{"cameraMode":{"drawMode":0,"name":"Shaded","section":"Shading Mode"},"sceneLighting":false,"audioPlay":false,"sceneViewState":{"showFog":false,"showMaterialUpdate":false,"showSkybox":false,"showFlares":false,"showImageEffects":false,"showParticleSystems":true},"in2DMode":false,"pivot":{"x":0.8950169086456299,"y":0.6066083908081055,"z":-17.85115623474121},"rotation":{"x":-0.09793847054243088,"y":-0.8964148163795471,"z":0.24790489673614503,"w":-0.35410696268081667},"size":16.464134216308595,"orthographic":false}