{"cameraMode":{"drawMode":0,"name":"Shaded","section":"Shading Mode"},"sceneLighting":false,"audioPlay":false,"sceneViewState":{"showFog":false,"showMaterialUpdate":false,"showSkybox":false,"showFlares":false,"showImageEffects":false,"showParticleSystems":true},"in2DMode":false,"pivot":{"x":-77.60370635986328,"y":29.83353042602539,"z":-63.035972595214847},"rotation":{"x":0.3324463367462158,"y":0.29813796281814577,"z":-0.11164484918117523,"w":0.8877661228179932},"size":2.7825634479522707,"orthographic":false}